index,path,var,value
group quarters population,1668,group_quarters,group_quarters
income in the past 12 months below poverty level,879,poverty_status,lt100
income in the past 12 months at or above poverty level,878,poverty_status,gt100
with earnings,841,has_income,True
institutionalized group quarters population,805,group_quarters,institutionalized
other family,650,family,True
foreign born,639,foreign_born,True
noninstitutionalized group quarters population,639,group_quarters,noninstitutionalized
other,582,,
"worked full-time, year-round in the past 12 months",526,employed,True
in labor force,492,employed,True
renter occupied,418,renter,True
owner occupied,417,owner,True
married-couple family,373,married,True
with income,372,has_income,True
public transportation (excluding taxicab),341,,
enrolled in school,271,,
college|university student housing,248,group_quarters,college
native,239,foreign_born,False
adult correctional facilities,238,group_quarters,correctional
walked,235,,
"taxicab, motorcycle, bicycle, or other means",227,,
nursing facilities|skilled nursing facilities,226,group_quarters,nursing
"management, business, science, and arts occupations",219,,
"car, truck, or van - drove alone",205,,
"car, truck, or van - carpooled",205,,
not a u.s. citizen,194,citizen,False
naturalized u.s. citizen,191,citizen,True
with cash rent,183,,
worked from home,183,,
family households,177,,
"$75,000 to $99,999",172,,
not in labor force,172,employed,False
"speak english ""very well""",169,,
no disability,168,,
"car, truck, or van",165,,
latin america,165,,
with a disability,160,,
with health insurance coverage,158,,
"speak english less than ""very well""",153,,
civilian,150,,
in family households,150,family,True
unemployed,144,employed,False
same house 1 year ago,141,,
speak other languages,140,,
service occupations,139,,
speak spanish,137,,
high school graduate (includes equivalency),135,,
moved within same municipio,130,,
moved within same county,130,,
same house,128,,
"less than $10,000",125,,
military quarters|military ships,125,group_quarters,military
other families,124,,
"$35,000 to $49,999",120,,
"$10,000 to $14,999",117,,
never married,117,marital_status,never
worked in the past 12 months,115,employed,True
"$25,000 to $29,999",115,,
"$30,000 to $34,999",115,,
"$35,000 to $39,999",115,,
employed,114,employed,True
"$40,000 to $44,999",113,,
"$45,000 to $49,999",113,,
separated,111,marital_status,separated
divorced,109,marital_status,divorced
widowed,109,marital_status,widowed
some college or associate's degree,106,,
now married,104,marital_status,married
carpooled,102,,
nonveteran,102,,
veteran,102,,
allocated,101,,
no health insurance coverage,100,,
"natural resources, construction, and maintenance occupations",99,,
"production, transportation, and material moving occupations",99,,
nonfamily households,98,,
juvenile facilities,97,group_quarters,juvenile
speak only english,95,,
not allocated,94,,
"$100,000 or more",92,,
"$65,000 to $74,999",92,,
women who had a birth in the past 12 months,91,,
women who did not have a birth in the past 12 months,91,,
sales and office occupations,89,,
asia,87,,
"american indian tribes, specified",86,,
europe,85,,
has a computer,84,,
less than high school graduate,83,,
bachelor's degree or higher,83,,
different address in the united states,80,,
"$50,000 to $74,999",79,,
private for-profit wage and salary workers,72,,
"$20,000 to $24,999",71,,
"$15,000 to $19,999",71,,
"$20,000 to $34,999",70,,
"married, spouse absent",70,marital_status,married
"$150,000 to $199,999",69,,
now married (including separated and spouse absent),69,marital_status,married
entered 2010 or later,69,,
"$50,000 to $59,999",69,,
"$125,000 to $149,999",69,,
"$100,000 to $124,999",69,,
"$60,000 to $74,999",67,,
"$200,000 or more",67,,
not enrolled in school,66,,
"$75,000 or more",66,,
moved to different state,65,,
moved to different county within same state,65,,
moved from abroad,65,,
moved from elsewhere,65,,
moved from the united states,65,,
moved to the united states,65,,
moved to different municipio,65,,
moved from different county within same state,65,,
moved from different state,65,,
moved from different municipio,65,,
born in other state in the united states,64,,
americas,64,,
central america,63,,
born in state of residence,62,,
born in the united states,62,,
native; born elsewhere,61,,
native; born outside the united states,61,,
born in puerto rico,61,,
entered 2000 to 2009,59,,
aggregate travel time to work (in minutes),57,,
"arts, entertainment, and recreation, and accommodation and food services",56,,
"unmarried (never married, widowed and divorced)",56,,
"transportation and warehousing, and utilities",56,,
"agriculture, forestry, fishing and hunting, and mining",56,,
with public coverage,55,,
with private health insurance,55,,
different county,55,,
not mortgaged,54,,
with a mortgage,54,,
household population,54,,
speak another language,54,,
"$10,000 to $19,999",54,,
household received food stamps|snap in the past 12 months,53,,
bachelor's degree,53,,
household did not receive food stamps|snap in the past 12 months,53,,
"professional, scientific, and management, and administrative, and waste management services",52,,
in households,51,,
50 or more,51,,
20 to 49,51,,
graduate or professional degree,50,,
"$25,000 to $34,999",50,,
"education, legal, community service, arts, and media occupations",50,,
"educational services, and health care and social assistance",50,,
in armed forces,50,,
subsaharan african,48,,
speak language other than english,48,,
aggregate family income in the past 12 months (in 2020 inflation-adjusted dollars),48,,
renter-occupied housing units,47,,
"$1 to $9,999 or loss",46,,
owner-occupied housing units,46,,
"$15,000 to $24,999",46,,
"$17,500 to $19,999",46,,
"$1 to $2,499 or loss",46,,
"$2,500 to $4,999",46,,
"$5,000 to $7,499",46,,
"$7,500 to $9,999",46,,
"$10,000 to $12,499",46,,
"$12,500 to $14,999",46,,
"$15,000 to $17,499",46,,
"$20,000 to $22,499",46,,
"$22,500 to $24,999",46,,
"$50,000 to $54,999",46,,
"$55,000 to $64,999",46,,
at or above 150 percent of the poverty level,46,poverty_status,gt150
"$50,000 to $64,999",46,,
below 100 percent of the poverty level,46,poverty_status,lt100
100 to 149 percent of the poverty level,46,poverty_status,100-150
housing units without a mortgage,45,,
now married (except separated),45,,
self-employed in own incorporated business workers,44,,
employee of private company workers,44,,
private not-for-profit wage and salary workers,44,,
different house in united states 1 year ago,43,,
speak asian and pacific island languages,42,,
speak other indo-european languages,42,,
"finance and insurance, and real estate, and rental and leasing",42,,
living with two parents,42,,
housing units with a mortgage,42,,
no earnings,41,,
hispanic or latino,41,,
2 to 4,41,,
south america,41,,
in married-couple family,40,,
"computer, engineering, and science occupations",40,,
caribbean,39,,
5 to 19,39,,
west indian (except hispanic groups),39,,
"married, spouse present",38,marital_status,married
"1, detached  or attached",38,,
"mobile home, boat, rv, van, etc.",38,,
1-person household,37,,
living with one parent,37,,
no vehicle available,37,,
retail trade,36,,
information,36,,
wholesale trade,36,,
construction,36,,
public administration,36,,
no income,36,,
manufacturing,36,,
no private health insurance,36,,
no public coverage,36,,
2 workers,36,,
householder lived in owner-occupied housing units,36,,
householder lived in renter-occupied housing units,36,,
different address in puerto rico or the united states,35,,
foreign-born population,35,,
africa,34,,
3 or more workers,34,,
aggregate value (dollars),34,,
in other families,34,,
opposite-sex married-couple family,34,,
entered 1990 to 1999,34,,
entered before 1990,34,,
15 to 19 minutes,33,,
20 to 24 minutes,33,,
45 to 59 minutes,33,,
arab,33,,
10 to 14 minutes,33,,
less than high school diploma,33,,
25 to 29 minutes,33,,
30 to 34 minutes,33,,
nonrelatives,32,,
"now married, except separated",32,marital_status,married
built 1939 or earlier,31,,
drove alone,30,,
4.00 of poverty threshold and over,30,povert_status,gt400
worked in state of residence,30,,
bus,30,,
with two or more types of health insurance coverage,30,,
under 1.00 of poverty threshold,30,povert_status,lt100
1.00 to 1.37 of poverty threshold,30,povert_status,100-138
1.38 to 1.99 of poverty threshold,30,povert_status,138-200
2.00 to 3.99 of poverty threshold,30,povert_status,200-400
in 2-person carpool,30,,
civilian labor force,30,,
employed or in armed forces,30,,
healthcare practitioners and technical occupations,30,,
relatives,30,,
"management, business, and financial occupations",30,,
protective service occupations,30,,
1 worker,29,,
no workers,29,,
3-person household,29,,
1 vehicle available,29,,
2 vehicles available,29,,
different house in puerto rico 1 year ago,29,,
usually worked 15 to 34 hours per week,28,,
2-person household,28,,
moved in 2000 to 2009,28,,
usually worked 1 to 14 hours per week,28,,
moved in 1990 to 1999,28,,
not computed,28,,
moved in 2010 to 2014,28,,
usually worked 35 or more hours per week,28,,
moved in 1989 or earlier,28,,
built 2000 to 2009,27,,
with one type of health insurance coverage,27,,
1.00 or less occupants per room,27,,
20.0 to 24.9 percent,26,,
mexico,26,,
ever married,26,,
did not work,26,,
"worked full-time, year-round",26,,
"worked less than full-time, year-round",26,,
with dial-up internet subscription alone,26,,
30.0 to 34.9 percent,26,,
25.0 to 29.9 percent,26,,
self-employed in own not incorporated business workers and unpaid family workers,26,,
35 to 44 minutes,25,,
less than 10 minutes,25,,
movers to different state,25,,
entered before 2000,25,,
without an internet subscription,25,,
with a broadband internet subscription,25,,
60 or more minutes,25,,
federal government workers,24,,
state government workers,24,,
local government workers,24,,
armed forces,24,,
other central america,23,,
science and engineering,23,,
less than 20.0 percent,23,,
householder,23,,
same address,23,,
"other services, except public administration",22,,
husband in labor force,22,,
in 3-or-more-person carpool,22,,
long-distance train or commuter rail or ferryboat,22,,
living outside any principal city,22,,
no computer,22,,
living in a principal city,22,,
different state,21,,
"speak english ""not at all""",21,,
"speak english ""not well""",21,,
other areas,21,,
complete plumbing facilities,21,,
"speak english ""well""",21,,
income in the past 12 months at or above the poverty level,21,poverty_level,gt100
in nonfamily households,21,,
1.50 to 1.84,21,,
in puerto rico,21,,
"householder worked full-time, year-round in the past 12 months",20,,
under 1.30,20,,
"local, state, and federal government workers",20,,
1.85 and above,20,,
1.30 to 1.49,20,,
householder did not work in the past 12 months,20,,
aggregate household income in the past 12 months (in 2020 inflation-adjusted dollars),20,,
30 percent or more,20,,
less than 20 percent,20,,
income in the past 12 months below the poverty level,20,poverty_level,gt100
movers from abroad,20,,
20 to 29 percent,20,,
other family (dollars),19,,
aggregate gross rent,19,,
lacking complete plumbing facilities,19,,
"enrolled in nursery school, preschool",19,,
enrolled in kindergarten,19,,
eastern europe,19,,
35.0 to 39.9 percent,18,,
700 a.m. to 729 a.m.,18,,
householder living alone,18,,
same county,18,,
in other family,18,,
enrolled in private school,18,,
enrolled in public school,18,,
1200 a.m. to 459 a.m.,18,,
500 a.m. to 529 a.m.,18,,
530 a.m. to 559 a.m.,18,,
600 a.m. to 629 a.m.,18,,
630 a.m. to 659 a.m.,18,,
800 a.m. to 829 a.m.,18,,
730 a.m. to 759 a.m.,18,,
4-person household,18,,
40.0 to 49.9 percent,18,,
830 a.m. to 859 a.m.,18,,
900 a.m. to 959 a.m.,18,,
1000 a.m. to 1059 a.m.,18,,
1200 p.m. to 359 p.m.,18,,
400 p.m. to 1159 p.m.,18,,
unpaid family workers,18,,
self-employed in own not incorporated business workers,18,,
50.0 percent or more,18,,
1100 a.m. to 1159 a.m.,18,,
householder not living alone,18,,
wife in labor force,18,,
with social security income in the past 12 months,18,,
nonresponse rate,18,,
without social security income in the past 12 months,18,,
built 1940 to 1949,17,,
not hispanic or latino,17,,
1.01 or more occupants per room,17,,
native population,17,,
science and engineering related fields,17,,
business,17,,
same state,17,,
education,17,,
population 3 and older,17,,
college or graduate school,16,,
aggregate nonfamily household income in the past 12 months (in 2020 inflation-adjusted dollars),16,,
elsewhere,16,,
nursery school through 12th grade,16,,
"less than $20,000",16,,
"arts, humanities and other",16,,
abroad,16,,
"$1,500 to $1,999",15,,
3 vehicles available,15,,
with an internet subscription,15,,
under .50,15,,
mobile home,15,,
united states 1 year ago,15,,
"$100,000 to $149,999",15,,
"boat, rv, van, etc.",15,,
no cash rent,15,,
has one or more types of computing devices,14,,
public school,14,,
moved in 2015 to 2018,14,,
$900 to $999,14,,
$800 to $899,14,,
did not receive food stamps|snap in the past 12 months,14,,
moved from principal city,14,,
associate's degree,14,,
moved in 2019 or later,14,,
worked in a principal city,14,,
eastern asia,14,,
military specific occupations,14,,
private school,14,,
worked outside any principal city,14,,
other services (except public administration),14,,
"alaska native tribes, specified",14,,
built 1960 to 1979,14,,
built 2010 or later,14,,
built 1980 to 1999,14,,
received food stamps|snap in the past 12 months,14,,
3 or more vehicles available,14,,
living alone,14,,
5-or-more person household,14,,
moved in 2015 or later,14,,
"finance and insurance, and real estate and rental and leasing",14,,
built 1940 to 1959,14,,
"professional, scientific, and management, and administrative and waste management services",14,,
western asia,13,,
built 1960 to 1969,13,,
built 1970 to 1979,13,,
built 1980 to 1989,13,,
built 1990 to 1999,13,,
built 2010 to 2013,13,,
2 bedrooms,13,,
built 2014 or later,13,,
1 bedroom,13,,
no bedroom,13,,
"unmarried (never married, widowed, and divorced)",13,,
"$150,000 or more",13,,
management of companies and enterprises,13,,
built 1950 to 1959,13,,
in the civilian labor force,13,,
micropolitan statistical area,13,,
did not work in the past 12 months,13,,
current residence; northeast,12,,
"$1,250 to $1,499",12,,
5 to 9,12,,
10 to 19,12,,
did not work from home,12,,
50 to 52 weeks,12,,
with related children of the householder under 18,12,,
1.01 to 1.50 occupants per room,12,,
speak other language,12,,
2.00 and over,12,,
not living alone,12,,
"1, detached",12,,
48 and 49 weeks,12,,
with a hearing difficulty,12,,
40 to 47 weeks,12,,
current residence; midwest,12,,
no hearing difficulty,12,,
"$1,000 to $1,249",12,,
with a vision difficulty,12,,
no vision difficulty,12,,
less than $100,12,,
1 to 13 weeks,12,,
14 to 26 weeks,12,,
27 to 39 weeks,12,,
current residence; west,12,,
current residence; south,12,,
3 or 4,12,,
south eastern asia,12,,
"1, attached",12,,
with ssi and|or cash public assistance income in the past 12 months,12,,
couriers and messengers,12,,
1.85 to 1.99,12,,
without ssi or cash public assistance income in the past 12 months,12,,
1.25 to 1.49,12,,
1.00 to 1.24,12,,
"spouse worked full-time, year-round in the past 12 months",12,,
spouse did not work in the past 12 months,12,,
2,12,,
householder worked part-time or part-year in the past 12 months,12,,
south central asia,12,,
.75 to .99,11,,
"9th to 12th grade, no diploma",11,,
metropolitan statistical area,11,,
less than 9th grade,11,,
population of two or more races,11,,
"some college, no degree",11,,
south american,11,,
5.00 and over,11,,
northern europe,11,,
"subway or elevated rail, light rail, streetcar, or trolley (carro público in puerto rico)",11,,
median household income in the past 12 months (in 2020 inflation-adjusted dollars),11,,
$400 to $499,11,,
$500 to $599,11,,
$600 to $699,11,,
3.00 to 3.99,11,,
4-or-more-person household,11,,
"subway or elevated rail or light rail, streetcar or trolley (carro público in puerto rico)",11,,
$700 to $799,11,,
aggregate gross rent (dollars),11,,
4.00 to 4.99,11,,
graduate or professional school,11,,
2.00 to 2.99,11,,
1.50 to 1.74,11,,
.50 to .74,11,,
1.75 to 1.84,11,,
management occupations,10,,
worked outside state of residence,10,,
enrolled in private college or graduate school,10,,
enrolled in public college or graduate school,10,,
median nonfamily household income in the past 12 months (in 2020 inflation-adjusted dollars),10,,
enrolled in grade 7,10,,
business and financial operations occupations,10,,
architecture and engineering occupations,10,,
"life, physical, and social science occupations",10,,
4 or more vehicles available,10,,
community and social service occupations,10,,
legal occupations,10,,
computer and mathematical occupations,10,,
worked in county of residence,10,,
worked outside county of residence,10,,
"educational instruction, and library occupations",10,,
not enrolled in college or graduate school,10,,
1.51 or more occupants per room,10,,
oceania,10,,
enrolled in grade 1,10,,
cohabiting couple household,10,,
enrolled in grade 2,10,,
enrolled in grade 3,10,,
$300 to $399,10,,
entered before 2010,10,,
per capita income in the past 12 months (in 2020 inflation-adjusted dollars),10,,
aggregate income in the past 12 months (in 2020 inflation-adjusted dollars),10,,
enrolled in grade 4,10,,
child is native,10,,
"arts, design, entertainment, sports, and media occupations",10,,
enrolled in grade 6,10,,
administrative and support and waste management services,10,,
"agriculture, forestry, fishing and hunting",10,,
"mining, quarrying, and oil and gas extraction",10,,
transportation and warehousing,10,,
utilities,10,,
finance and insurance,10,,
real estate and rental and leasing,10,,
"professional, scientific, and technical services",10,,
material moving occupations,10,,
transportation occupations,10,,
production occupations,10,,
"installation, maintenance, and repair occupations",10,,
construction and extraction occupations,10,,
"farming, fishing, and forestry occupations",10,,
office and administrative support occupations,10,,
health diagnosing and treating practitioners and other technical occupations,10,,
sales and related occupations,10,,
educational services,10,,
health care and social assistance,10,,
"arts, entertainment, and recreation",10,,
accommodation and food services,10,,
personal care and service occupations,10,,
median family income in the past 12 months (in 2020 inflation-adjusted dollars),10,,
building and grounds cleaning and maintenance occupations,10,,
food preparation and serving related occupations,10,,
law enforcement workers including supervisors,10,,
"firefighting and prevention, and other protective service workers including supervisors",10,,
healthcare support occupations,10,,
health technologists and technicians,10,,
enrolled in grade 5,10,,
"some college, associate's degree",10,,
$200 to $299,10,,
enrolled in grade 10,10,,
with a self-care difficulty,10,,
no self-care difficulty,10,,
southern europe,10,,
no cognitive difficulty,10,,
enrolled in grade 12,10,,
with a cognitive difficulty,10,,
abroad 1 year ago,10,,
in non-family households and other living arrangement,10,,
no ambulatory difficulty,10,,
enrolled in grade 11,10,,
with an ambulatory difficulty,10,,
enrolled in grade 9,10,,
enrolled in grade 8,10,,
spanish,10,,
with private health insurance coverage,10,,
2-or-more person household,10,,
child is foreign born,10,,
husband not in labor force,10,,
commercial and industrial designers,9,,
merchandise displayers and window trimmers,9,,
market research analysts and marketing specialists,9,,
floral designers,9,,
fundraisers,9,,
other designers,9,,
interior designers,9,,
"meeting, convention, and event planners",9,,
fashion designers,9,,
artists and related workers,9,,
graphic designers,9,,
project management specialists,9,,
clinical and counseling psychologists,9,,
management analysts,9,,
personal financial advisors,9,,
school psychologists,9,,
survey researchers,9,,
insurance underwriters,9,,
financial examiners,9,,
other psychologists,9,,
human resources workers,9,,
logisticians,9,,
actors,9,,
producers and directors,9,,
training and development specialists,9,,
dollar value of zero allocated,9,,
other educational instruction and library workers,9,,
astronomers and physicists,9,,
teaching assistants,9,,
postsecondary teachers,9,,
"environmental scientists and specialists, including health",9,,
"legal support workers, all other",9,,
"religious workers, all other",9,,
lawyers,9,,
cost estimators,9,,
"title examiners, abstractors, and searchers",9,,
paralegals and legal assistants,9,,
judicial law clerks,9,,
accountants and auditors,9,,
chemists and materials scientists,9,,
conservation scientists and foresters,9,,
medical scientists,9,,
credit analysts,9,,
budget analysts,9,,
atmospheric and space scientists,9,,
property appraisers and assessors,9,,
"judges, magistrates, and other judicial workers",9,,
biological scientists,9,,
preschool and kindergarten teachers,9,,
financial and investment analysts,9,,
elementary and middle school teachers,9,,
library technicians,9,,
"life scientists, all other",9,,
"business operations specialists, all other",9,,
"archivists, curators, and museum technicians",9,,
economists,9,,
other teachers and instructors,9,,
tutors,9,,
"physical scientists, all other",9,,
special education teachers,9,,
"geoscientists and hydrologists, except geographers",9,,
"social workers, all other",9,,
probation officers and correctional treatment specialists,9,,
social and human service assistants,9,,
other community and social service specialists,9,,
clergy,9,,
"directors, religious activities and education",9,,
secondary school teachers,9,,
librarians and media collections specialists,9,,
electrical and electronic engineering technologists and technicians,9,,
credit counselors and loan officers,9,,
entertainment and recreation managers,9,,
environmental science and geoscience technicians,9,,
chemical engineers,9,,
bioengineers and biomedical engineers,9,,
agricultural engineers,9,,
aerospace engineers,9,,
lodging managers,9,,
"surveyors, cartographers, and photogrammetrists",9,,
landscape architects,9,,
surveying and mapping technicians,9,,
"architects, except landscape and naval",9,,
agricultural and food scientists,9,,
other mathematical science occupations,9,,
computer network architects,9,,
"managers, all other",9,,
funeral home managers,9,,
"purchasing agents, except wholesale, retail, and farm products",9,,
food service managers,9,,
miscellaneous social scientists and related workers,9,,
architectural and engineering managers,9,,
"compensation, benefits, and job analysis specialists",9,,
statisticians,9,,
operations research analysts,9,,
mathematicians,9,,
actuaries,9,,
medical and health services managers,9,,
natural sciences managers,9,,
chemical technicians,9,,
biological technicians,9,,
"buyers and purchasing agents, farm products",9,,
"agents and business managers of artists, performers, and athletes",9,,
other drafters,9,,
"personal service managers, all other",9,,
emergency management directors,9,,
architectural and civil drafters,9,,
"engineers, all other",9,,
"wholesale and retail buyers, except farm products",9,,
petroleum engineers,9,,
nuclear engineers,9,,
"mining and geological engineers, including mining safety engineers",9,,
mechanical engineers,9,,
social and community service managers,9,,
materials engineers,9,,
marine engineers and naval architects,9,,
"property, real estate, and community association managers",9,,
"industrial engineers, including health and safety",9,,
agricultural and food science technicians,9,,
environmental engineers,9,,
electrical and electronics engineers,9,,
computer hardware engineers,9,,
civil engineers,9,,
postmasters and mail superintendents,9,,
"computer occupations, all other",9,,
network and computer systems administrators,9,,
"tax examiners and collectors, and revenue agents",9,,
"other engineering technologists and technicians, except drafters",9,,
"other life, physical, and social science technicians",9,,
administrative services managers,9,,
public relations and fundraising managers,9,,
sales managers,9,,
marketing managers,9,,
advertising and promotions managers,9,,
occupational health and safety specialists and technicians,9,,
substance abuse and behavioral disorder counselors,9,,
legislators,9,,
general and operations managers,9,,
chief executives,9,,
compliance officers,9,,
urban and regional planners,9,,
"educational, guidance, and career counselors and advisors",9,,
marriage and family therapists,9,,
mental health counselors,9,,
computer and information research scientists,9,,
other financial specialists,9,,
rehabilitation counselors,9,,
"counselors, all other",9,,
"child, family, and school social workers",9,,
tax preparers,9,,
healthcare social workers,9,,
mental health and substance abuse social workers,9,,
facilities managers,9,,
computer and information systems managers,9,,
financial managers,9,,
compensation and benefits managers,9,,
database administrators and architects,9,,
education and childcare administrators,9,,
computer support specialists,9,,
nuclear technicians,9,,
construction managers,9,,
with employer-based health insurance,9,,
with direct-purchase health insurance,9,,
with medicare coverage,9,,
with medicaid|means-tested public coverage,9,,
social science research assistants,9,,
web and digital interface designers,9,,
web developers,9,,
software quality assurance analysts and testers,9,,
software developers,9,,
computer programmers,9,,
information security analysts,9,,
computer systems analysts,9,,
sociologists,9,,
"farmers, ranchers, and other agricultural managers",9,,
purchasing managers,9,,
industrial production managers,9,,
training and development managers,9,,
human resources managers,9,,
"claims adjusters, appraisers, examiners, and investigators",9,,
other material moving workers,9,,
athletes and sports competitors,9,,
elevator and escalator installers and repairers,9,,
audiovisual equipment installers and repairers,9,,
"electronic equipment installers and repairers, motor vehicles",9,,
"electrical and electronics repairers, industrial and utility",9,,
"electrical and electronics installers and repairers, transportation equipment",9,,
"electric motor, power tool, and related repairers",9,,
avionics technicians,9,,
radio and telecommunications equipment installers and repairers,9,,
"computer, automated teller, and office machine repairers",9,,
"first-line supervisors of mechanics, installers, and repairers",9,,
other extraction workers,9,,
"roustabouts, oil and gas",9,,
underground mining machine operators,9,,
"explosives workers, ordnance handling experts, and blasters",9,,
"earth drillers, except oil and gas",9,,
"excavating and loading machine and dragline operators, surface mining",9,,
"derrick, rotary drill, and service unit operators, oil and gas",9,,
miscellaneous construction and related workers,9,,
septic tank servicers and sewer pipe cleaners,9,,
rail-track laying and maintenance equipment operators,9,,
highway maintenance workers,9,,
hazardous materials removal workers,9,,
security and fire alarm systems installers,9,,
aircraft mechanics and service technicians,9,,
automotive body and related repairers,9,,
"maintenance workers, machinery",9,,
manufactured building and mobile home installers,9,,
locksmiths and safe repairers,9,,
commercial divers,9,,
"coin, vending, and amusement machine servicers and repairers",9,,
wind turbine service technicians,9,,
precision instrument and equipment repairers,9,,
telecommunications line installers and repairers,9,,
electrical power-line installers and repairers,9,,
millwrights,9,,
"maintenance and repair workers, general",9,,
automotive glass installers and repairers,9,,
industrial and refractory machinery mechanics,9,,
home appliance repairers,9,,
"heating, air conditioning, and refrigeration mechanics and installers",9,,
control and valve installers and repairers,9,,
"miscellaneous vehicle and mobile equipment mechanics, installers, and repairers",9,,
small engine mechanics,9,,
heavy vehicle and mobile equipment service technicians and mechanics,9,,
bus and truck mechanics and diesel engine specialists,9,,
automotive service technicians and mechanics,9,,
fence erectors,9,,
construction and building inspectors,9,,
"postal service mail sorters, processors, and processing machine operators",9,,
"helpers, construction trades",9,,
miscellaneous agricultural workers,9,,
"graders and sorters, agricultural products",9,,
animal breeders,9,,
agricultural inspectors,9,,
"first-line supervisors of farming, fishing, and forestry workers",9,,
"office and administrative support workers, all other",9,,
statistical assistants,9,,
proofreaders and copy markers,9,,
"office machine operators, except computer",9,,
"office clerks, general",9,,
"mail clerks and mail machine operators, except postal service",9,,
insurance claims and policy processing clerks,9,,
desktop publishers,9,,
word processors and typists,9,,
data entry keyers,9,,
"secretaries and administrative assistants, except legal, medical, and executive",9,,
medical secretaries and administrative assistants,9,,
legal secretaries and administrative assistants,9,,
executive secretaries and executive administrative assistants,9,,
"weighers, measurers, checkers, and samplers, recordkeeping",9,,
"shipping, receiving, and inventory clerks",9,,
fishing and hunting workers,9,,
forest and conservation workers,9,,
logging workers,9,,
insulation workers,9,,
solar photovoltaic installers,9,,
structural iron and steel workers,9,,
sheet metal workers,9,,
roofers,9,,
reinforcing iron and rebar workers,9,,
plasterers and stucco masons,9,,
"plumbers, pipefitters, and steamfitters",9,,
pipelayers,9,,
painters and paperhangers,9,,
glaziers,9,,
first-line supervisors of construction trades and extraction workers,9,,
electricians,9,,
"drywall installers, ceiling tile installers, and tapers",9,,
construction equipment operators,9,,
construction laborers,9,,
"cement masons, concrete finishers, and terrazzo workers",9,,
"carpet, floor, and tile installers and finishers",9,,
carpenters,9,,
"brickmasons, blockmasons, and stonemasons",9,,
boilermakers,9,,
riggers,9,,
"helpers--installation, maintenance, and repair workers",9,,
"other installation, maintenance, and repair workers",9,,
first-line supervisors of production and operating workers,9,,
"bus drivers, transit and intercity",9,,
"bus drivers, school",9,,
"ambulance drivers and attendants, except emergency medical technicians",9,,
flight attendants,9,,
air traffic controllers and airfield operations specialists,9,,
aircraft pilots and flight engineers,9,,
supervisors of transportation and material moving workers,9,,
other production workers,9,,
other production equipment operators and tenders,9,,
helpers--production workers,9,,
tire builders,9,,
"paper goods machine setters, operators, and tenders",9,,
"molders, shapers, and casters, except metal and plastic",9,,
etchers and engravers,9,,
adhesive bonding machine operators and tenders,9,,
photographic process workers and processing machine operators,9,,
painting workers,9,,
packaging and filling machine operators and tenders,9,,
dental and ophthalmic laboratory technicians and medical appliance technicians,9,,
jewelers and precious stone and metal workers,9,,
"inspectors, testers, sorters, samplers, and weighers",9,,
driver|sales workers and truck drivers,9,,
shuttle drivers and chauffeurs,9,,
taxi drivers,9,,
other transportation workers,9,,
pumping station operators,9,,
stockers and order fillers,9,,
"packers and packagers, hand",9,,
machine feeders and offbearers,9,,
"laborers and freight, stock, and material movers, hand",9,,
cleaners of vehicles and equipment,9,,
industrial truck and tractor operators,9,,
"conveyor, dredge, and hoist and winch operators",9,,
crane and tower operators,9,,
passenger attendants,9,,
"motor vehicle operators, all other",9,,
transportation inspectors,9,,
transportation service attendants,9,,
parking attendants,9,,
ship engineers,9,,
ship and boat captains and operators,9,,
sailors and marine oilers,9,,
other rail transportation workers,9,,
railroad conductors and yardmasters,9,,
locomotive engineers and operators,9,,
"furnace, kiln, oven, drier, and kettle operators and tenders",9,,
"extruding, forming, pressing, and compacting machine setters, operators, and tenders",9,,
cutting workers,9,,
"food processing workers, all other",9,,
"molders and molding machine setters, operators, and tenders, metal and plastic",9,,
"model makers and patternmakers, metal and plastic",9,,
"metal furnace operators, tenders, pourers, and casters",9,,
machinists,9,,
"other machine tool setters, operators, and tenders, metal and plastic",9,,
"grinding, lapping, polishing, and buffing machine tool setters, operators, and tenders, metal and plastic",9,,
"cutting, punching, and press machine setters, operators, and tenders, metal and plastic",9,,
"forming machine setters, operators, and tenders, metal and plastic",9,,
computer numerically controlled tool operators and programmers,9,,
food cooking machine operators and tenders,9,,
"welding, soldering, and brazing workers",9,,
food batchmakers,9,,
"food and tobacco roasting, baking, and drying machine operators and tenders",9,,
"butchers and other meat, poultry, and fish processing workers",9,,
bakers,9,,
other assemblers and fabricators,9,,
structural metal fabricators and fitters,9,,
engine and other machine assemblers,9,,
"electrical, electronics, and electromechanical assemblers",9,,
"aircraft structure, surfaces, rigging, and systems assemblers",9,,
tool and die makers,9,,
other metal workers and plastic workers,9,,
"crushing, grinding, polishing, mixing, and blending workers",9,,
cabinetmakers and bench carpenters,9,,
"chemical processing machine setters, operators, and tenders",9,,
miscellaneous plant and system operators,9,,
water and wastewater treatment plant and system operators,9,,
stationary engineers and boiler operators,9,,
"power plant operators, distributors, and dispatchers",9,,
other woodworkers,9,,
"woodworking machine setters, operators, and tenders, except sawing",9,,
"sawing machine setters, operators, and tenders, wood",9,,
furniture finishers,9,,
"other textile, apparel, and furnishings workers",9,,
prepress technicians and workers,9,,
upholsterers,9,,
"textile machine setters, operators, and tenders",9,,
"tailors, dressmakers, and sewers",9,,
shoe and leather workers,9,,
sewing machine operators,9,,
"pressers, textile, garment, and related materials",9,,
laundry and dry-cleaning workers,9,,
print binding and finishing workers,9,,
printing press operators,9,,
"production, planning, and expediting clerks",9,,
postal service mail carriers,9,,
coaches and scouts,9,,
clinical laboratory technologists and technicians,9,,
3 or more bedrooms,9,,
nursing assistants,9,,
personal care aides,9,,
home health aides,9,,
other healthcare practitioners and technical occupations,9,,
miscellaneous health technologists and technicians,9,,
"opticians, dispensing",9,,
medical records specialists,9,,
licensed practical and licensed vocational nurses,9,,
dietetic technicians and ophthalmic medical technicians,9,,
veterinary technologists and technicians,9,,
surgical technologists,9,,
psychiatric technicians,9,,
pharmacy technicians,9,,
paramedics,9,,
emergency medical technicians,9,,
nuclear medicine technologists and medical dosimetrists,9,,
magnetic resonance imaging technologists,9,,
radiologic technologists and technicians,9,,
diagnostic medical sonographers,9,,
cardiovascular technologists and technicians,9,,
orderlies and psychiatric aides,9,,
occupational therapy assistants and aides,9,,
physical therapist assistants and aides,9,,
"first-line supervisors of protective service workers, all other",9,,
animal control workers,9,,
police officers,9,,
parking enforcement workers,9,,
fish and game wardens,9,,
detectives and criminal investigators,9,,
correctional officers and jailers,9,,
bailiffs,9,,
fire inspectors,9,,
firefighters,9,,
first-line supervisors of security workers,9,,
dental assistants,9,,
first-line supervisors of firefighting and prevention workers,9,,
first-line supervisors of police and detectives,9,,
first-line supervisors of correctional officers,9,,
other healthcare support workers,9,,
phlebotomists,9,,
veterinary assistants and laboratory animal caretakers,9,,
pharmacy aides,9,,
medical transcriptionists,9,,
medical assistants,9,,
dental hygienists,9,,
"healthcare diagnosing or treating practitioners, all other",9,,
postal service clerks,9,,
acupuncturists,9,,
dentists,9,,
chiropractors,9,,
"media and communication equipment workers, all other",9,,
"television, video, and film camera operators and editors",9,,
photographers,9,,
"broadcast, sound, and lighting technicians",9,,
"media and communication workers, all other",9,,
court reporters and simultaneous captioners,9,,
interpreters and translators,9,,
writers and authors,9,,
technical writers,9,,
editors,9,,
public relations specialists,9,,
"news analysts, reporters, and journalists",9,,
broadcast announcers and radio disc jockeys,9,,
"entertainers and performers, sports and related workers, all other",9,,
"disc jockeys, except radio",9,,
musicians and singers,9,,
music directors and composers,9,,
dancers and choreographers,9,,
"umpires, referees, and other sports officials",9,,
dietitians and nutritionists,9,,
optometrists,9,,
pharmacists,9,,
respiratory therapists,9,,
nurse practitioners,9,,
refuse and recyclable material collectors,9,,
nurse midwives,9,,
nurse anesthetists,9,,
registered nurses,9,,
veterinarians,9,,
"therapists, all other",9,,
exercise physiologists,9,,
speech-language pathologists,9,,
recreational therapists,9,,
emergency medicine physicians,9,,
radiation therapists,9,,
physical therapists,9,,
occupational therapists,9,,
audiologists,9,,
podiatrists,9,,
physician assistants,9,,
surgeons,9,,
other physicians,9,,
radiologists,9,,
private detectives and investigators,9,,
security guards and gambling surveillance officers,9,,
crossing guards and flaggers,9,,
transportation security screeners,9,,
payroll and timekeeping clerks,9,,
gambling cage workers,9,,
"bookkeeping, accounting, and auditing clerks",9,,
billing and posting clerks,9,,
bill and account collectors,9,,
"communications equipment operators, all other",9,,
telephone operators,9,,
"switchboard operators, including answering service",9,,
first-line supervisors of office and administrative support workers,9,,
"sales and related workers, all other",9,,
"door-to-door sales workers, news and street vendors, and related workers",9,,
telemarketers,9,,
sales engineers,9,,
real estate brokers and sales agents,9,,
"models, demonstrators, and product promoters",9,,
"sales representatives, wholesale and manufacturing",9,,
"sales representatives of services, except advertising, insurance, financial services, and travel",9,,
travel agents,9,,
"securities, commodities, and financial services sales agents",9,,
insurance sales agents,9,,
advertising sales agents,9,,
procurement clerks,9,,
tellers,9,,
"financial clerks, all other",9,,
new accounts clerks,9,,
"meter readers, utilities",9,,
"dispatchers, except police, fire, and ambulance",9,,
public safety telecommunicators,9,,
cargo and freight agents,9,,
"information and record clerks, all other",9,,
reservation and transportation ticket agents and travel clerks,9,,
receptionists and information clerks,9,,
"human resources assistants, except payroll and timekeeping",9,,
order clerks,9,,
loan interviewers and clerks,9,,
brokerage clerks,9,,
"library assistants, clerical",9,,
"interviewers, except eligibility and loan",9,,
"hotel, motel, and resort desk clerks",9,,
file clerks,9,,
"eligibility interviewers, government programs",9,,
customer service representatives,9,,
"credit authorizers, checkers, and clerks",9,,
"court, municipal, and license clerks",9,,
correspondence clerks,9,,
retail salespersons,9,,
parts salespersons,9,,
counter and rental clerks,9,,
dining room and cafeteria attendants and bartender helpers,9,,
landscaping and groundskeeping workers,9,,
pest control workers,9,,
maids and housekeeping cleaners,9,,
janitors and building cleaners,9,,
"first-line supervisors of landscaping, lawn service, and groundskeeping workers",9,,
first-line supervisors of housekeeping and janitorial workers,9,,
"food preparation and serving related workers, all other",9,,
"hosts and hostesses, restaurant, lounge, and coffee shop",9,,
dishwashers,9,,
"food servers, nonrestaurant",9,,
other grounds maintenance workers,9,,
waiters and waitresses,9,,
fast food and counter workers,9,,
bartenders,9,,
food preparation workers,9,,
cooks,9,,
first-line supervisors of food preparation and serving workers,9,,
chefs and head cooks,9,,
other protective service workers,9,,
school bus monitors,9,,
tree trimmers and pruners,9,,
supervisors of personal care and service workers,9,,
cashiers,9,,
other personal appearance workers,9,,
first-line supervisors of non-retail sales workers,9,,
first-line supervisors of retail sales workers,9,,
"personal care and service workers, all other",9,,
residential advisors,9,,
recreation workers,9,,
exercise trainers and group fitness instructors,9,,
childcare workers,9,,
tour and travel guides,9,,
"baggage porters, bellhops, and concierges",9,,
skincare specialists,9,,
animal trainers,9,,
manicurists and pedicurists,9,,
"hairdressers, hairstylists, and cosmetologists",9,,
barbers,9,,
"morticians, undertakers, and funeral arrangers",9,,
"embalmers, crematory operators and funeral attendants",9,,
other entertainment attendants and related workers,9,,
"ushers, lobby attendants, and ticket takers",9,,
gambling services workers,9,,
animal caretakers,9,,
massage therapists,9,,
"transportation, storage, and distribution managers",9,,
both parents foreign born,9,,
worked in a metropolitan statistical area,9,,
enrolled in grade 5 to grade 8,9,,
different municipio,9,,
enrolled in grade 1 to grade 4,9,,
living in a place,9,,
living in the 12 selected states,9,,
same municipio,9,,
married couple family (dollars),9,,
enrolled in grade 9 to grade 12,9,,
other indo-european languages,9,,
two or more races,9,,
worked in a micropolitan statistical area,9,,
western europe,9,,
in married couple families,9,,
one native and one foreign-born parent,9,,
foreign-born parent,9,,
1 or more vehicles available,8,,
naturalized citizens,8,,
western africa,8,,
in 3-person carpool,8,,
1.00 to 1.99,8,,
under 1.00,8,,
35.0 percent or more,8,,
with own children of the householder under 18,8,,
not high school graduate,8,,
no telephone service available,8,,
enrolled in graduate or professional school,8,,
with an independent living difficulty,8,,
no independent living difficulty,8,,
with telephone service available,8,,
long-distance train or commuter rail,8,,
vietnamese,8,,
subway or elevated rail,8,,
"householder worked less than full-time, year-round in the past 12 months",8,,
"light rail, streetcar or trolley (carro público in puerto rico)",8,,
eastern africa,8,,
u.s. island areas,8,,
south,8,,
polynesian,8,,
midwest,8,,
northeast,8,,
korean,8,,
$100 to $199,8,,
both spouses worked,8,,
west,8,,
90 or more minutes,8,,
60 to 89 minutes,8,,
no income allocated,8,,
40 to 44 minutes,8,,
35 to 39 minutes,8,,
5 to 9 minutes,8,,
less than 5 minutes,8,,
aggregate earnings in the past 12 months (in 2020 inflation-adjusted dollars),8,,
bicycle,8,,
ferryboat,8,,
central american,8,,
not in a metropolitan or micropolitan statistical area 1 year ago,7,,
child,7,,
moved from remainder of metropolitan statistical area,7,,
foreign country,7,,
population of one race,7,,
moved from remainder of micropolitan statistical area,7,,
foreign-born,7,,
"value $500,000 or more",7,,
complete kitchen facilities,7,,
"value $100,000 to $199,999",7,,
"value $90,000 to $99,999",7,,
"value $80,000 to $89,999",7,,
"value $70,000 to $79,999",7,,
"value $60,000 to $69,999",7,,
"value $50,000 to $59,999",7,,
"value $40,000 to $49,999",7,,
"value $30,000 to $39,999",7,,
"value $20,000 to $29,999",7,,
"value $10,000 to $19,999",7,,
"value less than $10,000",7,,
china,7,,
has a service-connected disability rating,7,,
puerto rico,7,,
"value $250,000 to $499,999",7,,
"value $200,000 to $249,999",7,,
"$2,000 or more",7,,
in the united states,7,,
lacking complete kitchen facilities,7,,
meals included in rent,7,,
no meals included in rent,7,,
in the labor force,7,,
"housing units with a mortgage, contract to purchase, or similar debt",7,,
other relatives,7,,
tagalog (incl. filipino),6,,
"chinese (incl. mandarin, cantonese)",6,,
3 or 4 children,6,,
same-sex,6,,
arabic,6,,
population of two races,6,,
other and unspecified languages,6,,
2-or-more-person household,6,,
nonfamily householder,6,,
5 or more children,6,,
no child,6,,
1 or 2 children,6,,
desktop or laptop,6,,
no employer-based health insurance,6,,
"living in household with no supplemental security income (ssi), cash public assistance income, or food stamps|snap in the past 12 months",6,,
no tricare|military health coverage,6,,
northern america,6,,
haitian,6,,
russian,6,,
portuguese,6,,
polish,6,,
italian,6,,
greek,6,,
german,6,,
no direct-purchase health insurance,6,,
no medicare coverage,6,,
armenian,6,,
no medicaid|means-tested public coverage,6,,
with tricare|military health coverage,6,,
with va health care,6,,
"living in household with supplemental security income (ssi), cash public assistance income, or food stamps|snap in the past 12 months",6,,
no va health care,6,,
same metropolitan statistical area,6,,
different metropolitan statistical area,6,,
3 to 4 people,6,,
same micropolitan statistical area,6,,
same city or town,6,,
in 4-or-more-person carpool,6,,
"taxicab, motorcycle, or other means",6,,
worked in metropolitan statistical area of residence,6,,
worked in a different metropolitan statistical area,6,,
worked in micropolitan statistical area of residence,6,,
worked in a different micropolitan statistical area,6,,
in married-couple families,6,,
2 people,6,,
born outside the united states,6,,
5 to 6 people,6,,
living with mother,6,,
with public health coverage,6,,
"$2,000 to $2,499",6,,
micronesian,6,,
income in the past 12-months below poverty level,6,poverty_level,lt100
income in the past 12-months at or above poverty level,6,poverty_level,gt100
less than high school graduate or equivalency,6,,
wife not in labor force,6,,
living with father,6,,
"spouse worked less than full-time, year-round in the past 12 months",6,,
5 or more own children of the householder,6,,
"educational services, and  health care and social assistance",6,,
has a computer and internet subscription,6,,
no subscription or no computer,6,,
not living alone (dollars),6,,
living alone (dollars),6,,
7 or more people,6,,
with cash public assistance income or  households receiving food stamps|snap benefits in the past 12 months,6,,
no cash public assistance income or  household food stamps|snap benefits in the past 12 months,6,,
"$2,500 to $2,999",6,,
"high school graduate (includes equivalency) , some college or associate's degree ",6,,
1 or 2 own children of the householder,6,,
spouse worked part-time or part-year in the past 12 months,6,,
all relatives,6,,
3 or 4 own children of the householder,6,,
no own child of the householder,6,,
non-relatives,6,,
"under $25,000",5,,
"$1,000 to $1,499",5,,
"$1,500 or more",5,,
northern africa,5,,
middle africa,5,,
other nonrelatives,5,,
with any disability,5,,
"$25,000 to $49,999",5,,
other hispanic or latino,5,,
"speak english  ""very well""",5,,
household with grandparents living with grandchildren,5,,
with a broadband subscription,5,,
married couple households,5,,
cohabiting couple households,5,,
native born,5,,
worked outside any metropolitan or micropolitan statistical area,5,,
hmong,5,,
5 or more vehicles available,5,,
4 vehicles available,5,,
noncitizen,5,,
aggregate income deficit in the past 12 months,5,,
navajo,5,,
cuba,5,,
dominican republic,5,,
quintile means,5,,
quintile share of aggregate income,5,,
movers within same state,5,,
same residence (non-movers),5,,
el salvador,5,,
guatemala,5,,
native parent,5,,
both parents native,5,,
naturalized,5,,
different house,5,,
japanese,5,,
"arts, humanities, and other",5,,
"$3,000 to $3,499",5,,
zero or negative income,4,,
lives alone,4,,
married-couple household,4,,
own child,4,,
with employer-based and medicare coverage,4,,
with medicare and medicaid|means-tested public coverage,4,,
other private only combinations,4,,
other public only combinations,4,,
parent,4,,
other coverage combinations,4,,
$350 to $399,4,,
5 or more bedrooms,4,,
4 bedrooms,4,,
householder living with unmarried partner or unmarried partner of householder,4,,
householder living with spouse or spouse of householder,4,,
"$500,000 to $749,999",4,,
child of householder,4,,
3 bedrooms,4,,
united kingdom (inc. crown dependencies),4,,
other grandparents,4,,
two races including some other race,4,,
worked part-time or part-year,4,,
1-unit structures,4,,
2-or-more-unit structures,4,,
mobile homes and all other types of units,4,,
$300 to $349,4,,
with employer-based and direct-purchase coverage,4,,
"$750,000 to $999,999",4,,
with va health care only,4,,
housing units with multiple mortgages,4,,
$150 to $199,4,,
$200 to $249,4,,
$100 to $149,4,,
melanesian,4,,
built 1950 or later,4,,
7-or-more-person families,4,,
with employer-based health insurance only,4,,
with direct-purchase health insurance only,4,,
with medicare coverage only,4,,
with tricare|military health coverage only,4,,
6-person families,4,,
less than $300,4,,
$250 to $299,4,,
5-person families,4,,
4-person families,4,,
3-person families,4,,
2-person families,4,,
different micropolitan statistical area,4,,
quintile upper limits,4,,
"worked full-time, year-round in the past 12 months (dollars)",4,,
.50 to .99,4,,
other (dollars),4,,
$750 to $999,4,,
"worked full time, year-round",4,,
householder or spouse with no parent of grandchildren present,4,,
$500 to $749,4,,
"two races excluding some other race, and three or more races",4,,
below 100 percent of poverty level in the past 12 months,4,,
100 to 199 percent of poverty level in the past 12 months,4,,
aggregate number of rooms,4,,
200 percent or more of poverty level in the past 12 months,4,,
received public assistance income,4,,
india,4,,
philippines,4,,
did not receive public assistance income,4,,
vietnam,4,,
$300 to $499,4,,
7-or-more person household,4,,
not a limited english speaking household,4,,
smartphone,4,,
5-person household,4,,
6-person household,4,,
other living arrangement,4,,
in married-couple subfamilies,4,,
other computer,4,,
no private health insurance coverage,4,,
limited english speaking household,4,,
tablet or other portable wireless computer,4,,
carpatho rusyn,3,,
air transportation,3,,
cajun,3,,
slovene,3,,
canadian,3,,
yugoslavian,3,,
other groups,3,,
estonian,3,,
czechoslovakian,3,,
celtic,3,,
croatian,3,,
used merchandise stores,3,,
eastern european,3,,
cypriot,3,,
czech,3,,
dutch,3,,
rail transportation,3,,
danish,3,,
housing units without a mortgage (dollars),3,,
ancestry specified,3,,
english,3,,
swiss,3,,
soviet union,3,,
cape verdean,3,,
australian,3,,
zimbabwean,3,,
austrian,3,,
ugandan,3,,
office supplies and stationery stores,3,,
taxi and limousine service,3,,
bus service and urban transit,3,,
truck transportation,3,,
sudanese,3,,
basque,3,,
south african,3,,
belgian,3,,
brazilian,3,,
british,3,,
somali,3,,
sierra leonean,3,,
senegalese,3,,
nigerian,3,,
liberian,3,,
kenyan,3,,
pipeline transportation,3,,
bulgarian,3,,
finnish,3,,
water transportation,3,,
ancestry not specified,3,,
ghanaian,3,,
ethiopian,3,,
european,3,,
u.s. virgin islander,3,,
french (except basque),3,,
"jewelry, luggage, and leather goods stores",3,,
florists,3,,
pennsylvania german,3,,
"general merchandise stores, including warehouse clubs and supercenters",3,,
department stores,3,,
"beer, wine, and liquor stores",3,,
book stores and news dealers,3,,
musical instrument and supplies stores,3,,
"sewing, needlework, and piece goods stores",3,,
"sporting goods, and hobby and toy stores",3,,
romanian,3,,
pharmacies and drug stores,3,,
"health and personal care, except drug, stores",3,,
shoe stores,3,,
french canadian,3,,
barbadian,3,,
bahamian,3,,
scandinavian,3,,
welsh,3,,
clothing stores,3,,
scotch-irish,3,,
ukrainian,3,,
scottish,3,,
assyrian|chaldean|syriac,3,,
turkish,3,,
gasoline stations,3,,
other subsaharan african,3,,
norwegian,3,,
african,3,,
serbian,3,,
belizean,3,,
other west indian,3,,
german russian,3,,
guyanese,3,,
hungarian,3,,
west indian,3,,
swedish,3,,
trinidadian and tobagonian,3,,
jamaican,3,,
miscellaneous retail stores,3,,
slovak,3,,
slavic,3,,
"gift, novelty, and souvenir shops",3,,
icelander,3,,
dutch west indian,3,,
iranian,3,,
irish,3,,
israeli,3,,
latvian,3,,
british west indian,3,,
lithuanian,3,,
bermudan,3,,
luxembourger,3,,
macedonian,3,,
maltese,3,,
new zealander,3,,
northern european,3,,
albanian,3,,
specialty food stores,3,,
convenience stores,3,,
pharmaceutical and medicine manufacturing,3,,
"paint, coating, and adhesive manufacturing",3,,
"soap, cleaning compound, and cosmetics manufacturing",3,,
not specified manufacturing industries,3,,
industrial and miscellaneous chemicals,3,,
"miscellaneous manufacturing, n.e.c.",3,,
plastics product manufacturing,3,,
tire manufacturing,3,,
"rubber products, except tires, manufacturing",3,,
"sporting and athletic goods, and doll, toy and game manufacturing",3,,
"pottery, ceramics, and plumbing fixture manufacturing",3,,
clay building material and refractories manufacturing,3,,
glass and glass product manufacturing,3,,
"cement, concrete, lime, and gypsum product manufacturing",3,,
miscellaneous nonmetallic mineral product manufacturing,3,,
agricultural chemical manufacturing,3,,
"resin, synthetic rubber, and fibers and filaments manufacturing",3,,
miscellaneous petroleum and coal products,3,,
furniture and home furnishing merchant wholesalers,3,,
"fabric mills, except knitting mills",3,,
textile and fabric finishing and fabric coating mills,3,,
carpet and rug mills,3,,
"textile product mills, except carpet and rug",3,,
"knitting fabric mills, and apparel knitting mills",3,,
"cut and sew, and apparel accessories and other apparel manufacturing",3,,
motor vehicle and motor vehicle parts and supplies merchant wholesalers,3,,
petroleum refining,3,,
footwear manufacturing,3,,
"leather and hide tanning and finishing, and other leather and allied product manufacturing",3,,
"pulp, paper, and paperboard mills",3,,
paperboard container manufacturing,3,,
miscellaneous paper and pulp products,3,,
printing and related support activities,3,,
iron and steel mills and steel product manufacturing,3,,
aluminum production and processing,3,,
medical equipment and supplies manufacturing,3,,
aircraft and parts manufacturing,3,,
miscellaneous wood products,3,,
"navigational, measuring, electromedical, and control instruments manufacturing",3,,
"electronic component and product manufacturing, n.e.c.",3,,
household appliance manufacturing,3,,
"electric lighting and electrical equipment manufacturing, and other electrical component manufacturing, n.e.c.",3,,
motor vehicles and motor vehicle equipment manufacturing,3,,
aerospace products and parts manufacturing,3,,
computer and peripheral equipment manufacturing,3,,
railroad rolling stock manufacturing,3,,
ship and boat building,3,,
other transportation equipment manufacturing,3,,
sawmills and wood preservation,3,,
"veneer, plywood, and engineered wood products",3,,
prefabricated wood buildings and mobile homes manufacturing,3,,
"communications, audio, and video equipment manufacturing",3,,
"machinery manufacturing, n.e.c. or not specified",3,,
nonferrous metal (except aluminum) production and processing,3,,
ordnance,3,,
foundries,3,,
metal forgings and stampings,3,,
cutlery and hand tool manufacturing,3,,
"structural metals, and boiler, tank, and shipping container manufacturing",3,,
"machine shops; turned product; screw, nut, and bolt manufacturing",3,,
"coating, engraving, heat treating, and allied activities",3,,
miscellaneous fabricated metal products manufacturing,3,,
furniture and related product manufacturing,3,,
not specified metal industries,3,,
agricultural implement manufacturing,3,,
"construction, and mining and oil and gas field machinery manufacturing",3,,
commercial and service industry machinery manufacturing,3,,
metalworking machinery manufacturing,3,,
"engine, turbine, and power transmission equipment manufacturing",3,,
"fiber, yarn, and thread mills",3,,
tobacco manufacturing,3,,
beverage manufacturing,3,,
alsatian,3,,
automobile dealers,3,,
not specified wholesale trade,3,,
wholesale electronic markets and agents and brokers,3,,
miscellaneous nondurable goods merchant wholesalers,3,,
farm supplies merchant wholesalers,3,,
alcoholic beverages merchant wholesalers,3,,
afghan,3,,
"automotive parts, accessories, and tire stores",3,,
petroleum and petroleum products merchant wholesalers,3,,
housing units with a mortgage (dollars),3,,
not specified retail trade,3,,
other direct selling establishments,3,,
farm product raw material merchant wholesalers,3,,
grocery and related product merchant wholesalers,3,,
other motor vehicle dealers,3,,
american,3,,
"drugs, sundries, and chemical and allied products merchant  wholesalers",3,,
moroccan,3,,
other arab,3,,
supermarkets and other grocery (except convenience) stores,3,,
lawn and garden equipment and supplies stores,3,,
hardware stores,3,,
syrian,3,,
palestinian,3,,
lebanese,3,,
egyptian,3,,
jordanian,3,,
building material and supplies dealers,3,,
electronics stores,3,,
iraqi,3,,
household appliance stores,3,,
furniture and home furnishings stores,3,,
"apparel, piece goods, and notions merchant wholesalers",3,,
paper and paper products merchant wholesalers,3,,
not specified food industries,3,,
sugar and confectionery products,3,,
natural gas distribution,3,,
"electric and gas, and other combinations",3,,
"water, steam, air-conditioning, and irrigation systems",3,,
sewage treatment facilities,3,,
construction (the cleaning of buildings and dwellings is incidental during construction and immediately after construction),3,,
"animal food, grain and oilseed milling",3,,
fruit and vegetable preserving and specialty food manufacturing,3,,
support activities for mining,3,,
dairy product manufacturing,3,,
animal slaughtering and processing,3,,
retail bakeries,3,,
fuel dealers,3,,
"seafood and other miscellaneous foods, n.e.c.",3,,
lumber and other construction materials merchant wholesalers,3,,
"electric power generation, transmission and distribution",3,,
professional and commercial equipment and supplies merchant wholesalers,3,,
miscellaneous durable goods merchant wholesalers,3,,
"machinery, equipment, and supplies merchant wholesalers",3,,
recyclable material merchant wholesalers,3,,
crop production,3,,
animal production and aquaculture,3,,
forestry except logging,3,,
logging,3,,
"fishing, hunting and trapping",3,,
"hardware, and plumbing and heating equipment, and supplies merchant wholesalers",3,,
nonmetallic mineral mining and quarrying,3,,
household appliances and electrical and electronic goods merchant wholesalers,3,,
support activities for agriculture and forestry,3,,
oil and gas extraction,3,,
coal mining,3,,
"metals and minerals, except petroleum, merchant wholesalers",3,,
metal ore mining,3,,
not specified utilities,3,,
"bakeries and tortilla manufacturing, except retail bakeries",3,,
scenic and sightseeing transportation,3,,
11th grade,3,,
"some college, less than 1 year",3,,
master's degree,3,,
professional school degree,3,,
doctorate degree,3,,
cellular data plan,3,,
15.0 to 19.9 percent,3,,
satellite internet service,3,,
10.0 to 14.9 percent,3,,
less than 10.0 percent,3,,
"1, detached or attached",3,,
french (incl. cajun),3,,
"yiddish, pennsylvania dutch or other west germanic languages",3,,
serbo-croatian,3,,
ukrainian or other slavic languages,3,,
"persian (incl. farsi, dari)",3,,
gujarati,3,,
hindi,3,,
urdu,3,,
punjabi,3,,
bengali,3,,
"nepali, marathi, or other indic languages",3,,
telugu,3,,
tamil,3,,
"malayalam, kannada, or other dravidian languages",3,,
khmer,3,,
"12th grade, no diploma",3,,
10th grade,3,,
elsewhere 1 year ago,3,,
9th grade,3,,
worked outside place of residence,3,,
not living in a place,3,,
worked in mcd of residence,3,,
worked outside mcd of residence,3,,
not living in the 12 selected states,3,,
"aggregate number of vehicles (car, truck, or van) used in commuting",3,,
householder who is two or more races,3,,
in group quarters,3,,
opposite-sex spouse,3,,
same-sex spouse,3,,
services incidental to transportation,3,,
married-couple subfamily,3,,
in mother-child subfamilies,3,,
in father-child subfamilies,3,,
in non-family households and other living arrangements,3,,
1 room,3,,
2 rooms,3,,
3 rooms,3,,
4 rooms,3,,
5 rooms,3,,
6 rooms,3,,
7 rooms,3,,
8 rooms,3,,
9 or more rooms,3,,
no schooling completed,3,,
"thai, lao, or other tai-kadai languages",3,,
other languages of asia,3,,
"ilocano, samoan, hawaiian, or other austronesian languages",3,,
hebrew,3,,
coal or coke,3,,
wood,3,,
solar energy,3,,
some other race alone,3,,
other fuel,3,,
lowest quintile,3,,
second quintile,3,,
third quintile,3,,
fourth quintile,3,,
no fuel used,3,,
aggregate number of vehicles available,3,,
native hawaiian and other pacific islander alone,3,,
asian alone,3,,
american indian and alaska native alone,3,,
$400 to $449,3,,
aggregate usual hours,3,,
$450 to $499,3,,
$500 to $549,3,,
$550 to $599,3,,
$600 to $649,3,,
$650 to $699,3,,
$700 to $749,3,,
black or african american alone,3,,
$750 to $799,3,,
"$3,500 or more",3,,
"fuel oil, kerosene, etc.",3,,
electricity,3,,
"bottled, tank, or lp gas",3,,
with one type of disability,3,,
"amharic, somali, or other afro-asiatic languages",3,,
"yoruba, twi, igbo, or other languages of western africa",3,,
"swahili or other languages of central, eastern, and southern africa",3,,
other native languages of north america,3,,
"french, haitian, or cajun",3,,
german or other west germanic languages,3,,
"russian, polish, or other slavic languages",3,,
other asian and pacific island languages,3,,
asian and pacific island languages,3,,
other languages,3,,
aggregate income deficit in the past 12 months of unrelated individuals (dollars),3,,
with two or more types of disability,3,,
utility gas,3,,
"worked full-time, year round",3,,
"worked less than full-time, year round",3,,
1.00 to 1.49,3,,
1.50 to 1.99,3,,
white alone,3,,
with a fixed broadband internet subscription,3,,
pre-k to 4th grade,3,,
5th to 8th grade,3,,
9th to 12th grade,3,,
undergraduate or higher,3,,
population 2 and under,3,,
worked in place of residence,3,,
electronic shopping and mail-order houses,3,,
elsewhere in puerto rico,3,,
services to buildings and dwellings (except cleaning during construction and immediately after construction),3,,
"business, technical, and trade schools and training",3,,
"colleges, universities, and professional schools, including junior colleges",3,,
elementary and secondary schools,3,,
waste management and remediation services,3,,
other administrative and other support services,3,,
landscaping services,3,,
investigation and security services,3,,
offices of physicians,3,,
travel arrangements and reservation services,3,,
business support services,3,,
"$3,000 or more",3,,
employment services,3,,
"other professional, scientific, and technical services",3,,
veterinary services,3,,
"other schools and instruction, and educational support services",3,,
offices of dentists,3,,
"promoters of performing arts, sports, and similar events, agents and managers for artists, athletes, entertainers, and other public figures",3,,
psychiatric and substance abuse hospitals,3,,
performing arts companies,3,,
child day care services,3,,
vocational rehabilitation services,3,,
"community food and housing, and emergency services",3,,
individual and family services,3,,
nursing care facilities (skilled nursing facilities),3,,
"general medical and surgical hospitals, and specialty (except psychiatric and substance abuse) hospitals",3,,
owner occupied ,3,,
other health care services,3,,
home health care services,3,,
outpatient care centers,3,,
offices of other health practitioners,3,,
offices of optometrists,3,,
offices of chiropractors,3,,
"advertising, public relations, and related services",3,,
scientific research and development services,3,,
"management, scientific, and technical consulting services",3,,
motion pictures and video industries,3,,
"data processing, hosting, and related services",3,,
"telecommunications, except wired telecommunications carriers",3,,
wired telecommunications carriers,3,,
internet publishing and broadcasting and web search portals,3,,
broadcasting (except internet),3,,
sound recording industries,3,,
aggregate real estate taxes paid (dollars),3,,
computer systems design and related services,3,,
aggregate selected monthly owner costs (dollars),3,,
software publishers,3,,
"periodical, book, and directory publishers",3,,
newspaper publishers,3,,
warehousing and storage,3,,
postal service,3,,
libraries and archives,3,,
"other information services, except libraries and archives, and internet publishing and broadcasting and web search portals",3,,
banking and related activities,3,,
"savings institutions, including credit unions",3,,
nondepository credit and related activities,3,,
"securities, commodities, funds, trusts, and other financial investments",3,,
insurance carriers,3,,
"agencies, brokerages, and other insurance related activities",3,,
"lessors of real estate, and offices of real estate agents and brokers",3,,
"real estate property managers, offices of real estate appraisers, and other activities related to real estate",3,,
automotive equipment rental and leasing,3,,
other consumer goods rental,3,,
"commercial, industrial, and other intangible assets rental and leasing",3,,
legal services,3,,
"accounting, tax preparation, bookkeeping, and payroll services",3,,
"architectural, engineering, and related services",3,,
specialized design services,3,,
spectator sports,3,,
"residential care facilities, except skilled nursing facilities",3,,
"independent artists, writers, and performers",3,,
beauty salons,3,,
drycleaning and laundry services,3,,
"funeral homes, and cemeteries and crematories",3,,
other personal services,3,,
religious organizations,3,,
"civic, social, advocacy organizations, and grantmaking and giving services",3,,
southern africa,3,,
labor unions,3,,
"business, professional, political, and similar organizations",3,,
private households,3,,
executive offices and legislative bodies,3,,
public finance activities,3,,
other general government and support,3,,
"justice, public order, and safety activities",3,,
administration of human resource programs,3,,
administration of environmental quality and housing programs,3,,
administration of economic programs and space research,3,,
national security and international affairs,3,,
with medicaid|means-tested public coverage only,3,,
"china, hong kong, and taiwan",3,,
all other countries,3,,
born in other state of the united states,3,,
nail salons and other personal care services,3,,
vending machine operators,3,,
traveler accommodation,3,,
commercial and industrial machinery and equipment repair and maintenance,3,,
"drinking places, alcoholic beverages",3,,
automotive repair and maintenance,3,,
"other amusement, gambling, and recreation industries",3,,
bowling centers,3,,
car washes,3,,
"recreational vehicle parks and camps, and rooming and boarding houses, dormitories, and workers' camps",3,,
australia and new zealand subregion,3,,
electronic and precision equipment repair and maintenance,3,,
personal and household goods repair and maintenance,3,,
barber shops,3,,
"museums, art galleries, historical sites, and similar institutions",3,,
restaurants and other food services,3,,
fijian,2,,
"$300,000 to $399,999",2,,
no related children of the householder under 18,2,,
lacking plumbing facilities,2,,
no own children of the householder under 18,2,,
"other asian, not specified",2,,
"$2,000,000 or more",2,,
"$400,000 to $499,999",2,,
"$1,000,000 to $1,499,999",2,,
mongolian,2,,
"$1,500,000 to $1,999,999",2,,
malaysian,2,,
median value (dollars),2,,
high school graduate (including equivalency),2,,
other micronesian,2,,
marshallese,2,,
chamorro,2,,
other polynesian,2,,
tongan,2,,
native hawaiian,2,,
"other asian, specified",2,,
2.01 or more occupants per room,2,,
0.50 or less occupants per room,2,,
okinawan,2,,
nepalese,2,,
5 or more,2,,
native hawaiian and other pacific islander,2,,
"$60,000 to $69,999",2,,
"$70,000 to $79,999",2,,
asian,2,,
american indian and alaska native,2,,
black or african american,2,,
white,2,,
other melanesian,2,,
pakistani,2,,
0.51 to 1.00 occupants per room,2,,
sri lankan,2,,
taiwanese,2,,
thai,2,,
"$80,000 to $89,999",2,,
"$90,000 to $99,999",2,,
"$150,000 to $174,999",2,,
"$175,000 to $199,999",2,,
"$200,000 to $249,999",2,,
"$40,000 to $49,999",2,,
1.51 to 2.00 occupants per room,2,,
"$250,000 to $299,999",2,,
samoan,2,,
cree,2,,
in 4-person carpool,2,,
mother only in labor force,2,,
peru,2,,
neither parent in labor force,2,,
venezuela,2,,
all geographic parts allocated,2,,
one or more but not all geographic parts allocated,2,,
other south america,2,,
comanche,2,,
in 5- or 6-person carpool,2,,
with direct-purchase and medicare coverage,2,,
in 7-or-more-person carpool,2,,
taxicab,2,,
motorcycle,2,,
other means,2,,
biological child,2,,
adopted child,2,,
stepchild,2,,
grandchild,2,,
ecuador,2,,
colombia,2,,
chile,2,,
creek,2,,
paiute,2,,
ottawa,2,,
osage,2,,
mexican american indian,2,,
menominee,2,,
lumbee,2,,
kiowa,2,,
iroquois,2,,
houma,2,,
hopi,2,,
delaware,2,,
other caribbean,2,,
costa rica,2,,
honduras,2,,
crow,2,,
panama,2,,
argentina,2,,
parent-in-law,2,,
colville,2,,
potawatomi,2,,
response rate,2,,
7th and 8th grade,2,,
insufficient data,2,,
language problem,2,,
central american indian,2,,
canadian and french american indian,2,,
top 5 percent,2,,
"broadband such as cable, fiber optic or dsl",2,,
highest quintile,2,,
internet access without a subscription,2,,
choctaw,2,,
no internet access,2,,
blackfeet,2,,
arapaho,2,,
apache,2,,
naturalized citizen,2,,
not a citizen,2,,
initial sample selected,2,,
"smartphone, tablet or other portable wireless computer or other computer",2,,
5th and 6th grade,2,,
nursery to 4th grade,2,,
partner in an unmarried partner household,2,,
has a spouse present,2,,
chippewa,2,,
chickasaw,2,,
1-person households,2,,
cheyenne,2,,
opposite-sex,2,,
all other households,2,,
with only nonrelatives present,2,,
cherokee,2,,
married last year,2,,
not married last year,2,,
widowed last year,2,,
not widowed last year,2,,
divorced last year,2,,
not divorced last year,2,,
once,2,,
two times,2,,
three or more times,2,,
pima,2,,
haiti,2,,
pueblo,2,,
other southern europe,2,,
one or more items allocated,2,,
"$10,000 to $24,999",2,,
households with 1 or more persons with a disability,2,,
households with no persons with a disability,2,,
less than 2.0,2,,
2.0 to 2.9,2,,
3.0 to 3.9,2,,
4.0 or more,2,,
bangladeshi,2,,
puget sound salish,2,,
"american indian or alaska native tribes, not specified",2,,
less than $800,2,,
"$800 to $1,499",2,,
"europe, n.e.c.",2,,
"$2,000 to $2,999",2,,
taiwan,2,,
no real estate taxes paid,2,,
bhutanese,2,,
spain,2,,
other eastern asia,2,,
"$1,000,000 or more",2,,
less than $200,2,,
laotian,2,,
indonesian,2,,
"u.s. citizen, born abroad of american parent(s)",2,,
u.s. citizen by naturalization,2,,
filipino,2,,
"$3,500 to $3,999",2,,
"$4,000 or more",2,,
no items allocated,2,,
"chinese, except taiwanese",2,,
cambodian,2,,
burmese,2,,
"less than $50,000",2,,
"$50,000 to $99,999",2,,
"$200,000 to $299,999",2,,
"$300,000 to $499,999",2,,
portugal,2,,
korea,2,,
asian indian,2,,
yuman,2,,
with two selected conditions,2,,
with three selected conditions,2,,
with four selected conditions,2,,
no selected conditions,2,,
tsimshian,2,,
tlingit-haida,2,,
inupiat,2,,
aleut,2,,
alaskan athabascan,2,,
"american indian tribes, not specified",2,,
all other american indian tribes (with only one tribe reported),2,,
spanish american indian,2,,
yaqui,2,,
tohono o'odham,2,,
ute,2,,
yakama,2,,
south american indian,2,,
"asia, n.e.c.",2,,
with one selected condition,2,,
"alaska native tribes, not specified",2,,
both parents in labor force,2,,
sioux,2,,
shoshone,2,,
"$5,000 to $9,999",2,,
"less than $5,000",2,,
seminole,2,,
father only in labor force,2,,
yup'ik,2,,
one or more public coverage items allocated,1,,
unable to locate,1,,
refusal,1,,
dial-up,1,,
final interviews (actual and synthetic),1,,
no public coverage items allocated,1,,
other service,1,,
initial addresses selected,1,,
final number of housing unit interviews,1,,
final actual interviews,1,,
final synthetic interviews,1,,
one or more private health insurance items allocated,1,,
no private health insurance items allocated,1,,
one or more disability items allocated,1,,
no one home,1,,
temporarily absent,1,,
language status allocated,1,,
unable to locate group quarters person,1,,
resident temporarily absent,1,,
group quarters person other reason,1,,
whole group quarters refusal,1,,
whole group quarters other reason,1,,
no disability items allocated,1,,
other means (including those who worked from home),1,,
allocated for either departure time or minutes to work,1,,
not allocated for either departure time or minutes to work,1,,
no earnings allocated,1,,
language status not allocated,1,,
group quarters person refusal,1,,
other reason,1,,
maximum contact attempts reached,1,,
dial-up alone,1,,
1 or more items allocated,1,,
one or more health insurance items allocated,1,,
no health insurance items allocated,1,,
"broadband such as cable, fiber optic, or dsl",1,,
"mortgage, with only home equity loan",1,,
"smartphone, tablet or other portable wireless computer or other computer, no desktop or laptop",1,,
desktop or laptop alone,1,,
mobile home (dollars),1,,
"boat, rv, van, etc. (dollars)",1,,
housing units with no second mortgage and no home equity loan,1,,
mortgage with both second mortgage and home equity loan,1,,
renter occupied (dollars),1,,
owner occupied (dollars),1,,
median monthly housing costs,1,,
median real estate taxes paid for units without a mortgage,1,,
median real estate taxes paid for units with a mortgage,1,,
two or more american indian or alaska native tribes,1,,
median household income for units without a mortgage,1,,
median household income for units with a mortgage,1,,
median value for units without a mortgage,1,,
median value for units with a mortgage,1,,
aggregate real estate taxes paid for units without a mortgage (dollars),1,,
aggregate real estate taxes paid for units with a mortgage (dollars),1,,
"$1400 to $1,499",1,,
"$1300 to $1,399",1,,
"$1200 to $1,299",1,,
median gross rent,1,,
"$1000 to $1,099",1,,
aggregate price asked (dollars),1,,
home equity loan without a primary mortgage,1,,
5 or more (dollars),1,,
3 or 4 (dollars),1,,
2 (dollars),1,,
cellular data plan with no other type of internet subscription,1,,
without internet subscription,1,,
cellular data plan alone or with dial-up,1,,
without a cellular data plan,1,,
with a cellular data plan,1,,
pay extra for one or more utilities,1,,
no extra payment for any utilities,1,,
other service with no other type of internet subscription,1,,
satellite internet service with no other type of internet subscription,1,,
"broadband such as cable, fiber optic or dsl with no other type of internet subscription",1,,
two or more asian,1,,
broadband of any type,1,,
"1, attached (dollars)",1,,
dial-up with no other type of internet subscription,1,,
other computer with no other type of computing device,1,,
median gross rent as a percentage of household income,1,,
tablet or other portable wireless computer with no other type of computing device,1,,
smartphone with no other type of computing device,1,,
desktop or laptop with no other type of computing device,1,,
lower value quartile (dollars),1,,
"mortgage, with only second mortgage",1,,
upper value quartile (dollars),1,,
"1, detached (dollars)",1,,
"$1100 to $1,199",1,,
between gulf war and vietnam era only,1,,
aggregate rent asked,1,,
grandparent responsible 6 to 11 months,1,,
households with one or more nonrelatives,1,,
husband|wife in a subfamily with children,1,,
husband|wife in a childless subfamily,1,,
father-child subfamily,1,,
mother-child subfamily,1,,
not a cohabiting couple household,1,,
household without grandparents living with grandchildren,1,,
grandparent responsible less than 6 months,1,,
foster child or other unrelated child,1,,
no parent present,1,,
parent present,1,,
spouse,1,,
foster child,1,,
son-in-law or daughter-in-law,1,,
brother or sister,1,,
same-sex unmarried partner,1,,
households with no nonrelatives,1,,
multigenerational households,1,,
nursery school,1,,
kindergarten,1,,
social sciences,1,,
psychology,1,,
physical and related sciences,1,,
"biological, agricultural, and environmental sciences",1,,
"computers, mathematics and statistics",1,,
ged or alternative credential,1,,
regular high school diploma,1,,
8th grade,1,,
7th grade,1,,
6th grade,1,,
5th grade,1,,
4th grade,1,,
3rd grade,1,,
2nd grade,1,,
1st grade,1,,
opposite-sex unmarried partner,1,,
3 workers,1,,
multidisciplinary studies,1,,
fiji,1,,
jamaica,1,,
grenada,1,,
dominica,1,,
barbados,1,,
bahamas,1,,
"oceania, n.e.c.",1,,
micronesia,1,,
other australian and new zealand subregion,1,,
different county (same state),1,,
australia,1,,
"africa, n.e.c.",1,,
other western africa,1,,
sierra leone,1,,
senegal,1,,
nigeria,1,,
liberia,1,,
st. vincent and the grenadines,1,,
trinidad and tobago,1,,
west indies,1,,
belize,1,,
naturalized before 1990,1,,
naturalized 1990 to 1994,1,,
naturalized 1995 to 1999,1,,
naturalized 2000 to 2004,1,,
naturalized 2005 to 2009,1,,
naturalized 2010 to 2014,1,,
naturalized 2015 or later,1,,
"china, excluding taiwan",1,,
other northern america,1,,
canada,1,,
uruguay,1,,
guyana,1,,
brazil,1,,
bolivia,1,,
nicaragua,1,,
engineering,1,,
literature and languages,1,,
aggregate contract rent,1,,
no workers (dollars),1,,
"gulf war (9|2001 or later), no gulf war (8|1990 to 8|2001), no vietnam era",1,,
median earnings in the past 12 months (in 2020 inflation-adjusted dollars),1,,
"3 or more workers, other (dollars)",1,,
"3 or more workers, both spouses worked (dollars)",1,,
"2 workers, other (dollars)",1,,
"2 workers, both spouses worked (dollars)",1,,
1 worker (dollars),1,,
no cash public assistance income or household food stamps|snap benefits in the past 12 months,1,,
no earners (dollars),1,,
with cash public assistance income or households receiving food stamps|snap benefits in the past 12 months,1,,
3 or more earners,1,,
2 earners,1,,
1 earner,1,,
no earners,1,,
3 or more earners (dollars),1,,
2 earners (dollars),1,,
"gulf war (9|2001 or later) and gulf war (8|1990 to 8|2001), no vietnam era",1,,
"gulf war (9|2001 or later), and gulf war (8|1990 to 8|2001), and vietnam era",1,,
"gulf war (8|1990 to 8|2001), no vietnam era",1,,
gulf war (8|1990 to 8|2001) and vietnam era,1,,
between korean war and world war ii only,1,,
pre-world war ii only,1,,
has no service-connected disability rating,1,,
0 percent,1,,
10 or 20 percent,1,,
30 or 40 percent,1,,
50 or 60 percent,1,,
70 percent or higher,1,,
rating not reported,1,,
"world war ii, no korean war, no vietnam era",1,,
"korean war and world war ii, no vietnam era",1,,
"korean war, no vietnam era, no world war ii",1,,
vietnam era and korean war and world war ii,1,,
"vietnam era and korean war, no world war ii",1,,
"vietnam era, no korean war, no world war ii",1,,
1 earner (dollars),1,,
gini index,1,,
liberal arts and history,1,,
7-or-more-person households,1,,
with social security income,1,,
"no interest, dividends, or net rental income",1,,
"with interest, dividends, or net rental income",1,,
no self-employment income,1,,
with self-employment income,1,,
no wage or salary income,1,,
with wage or salary income,1,,
6-person households,1,,
lower limit of top 5 percent,1,,
5-person households,1,,
4-person households,1,,
3-person households,1,,
2-person households,1,,
english only,1,,
communications,1,,
visual and performing arts,1,,
no social security income,1,,
with supplemental security income (ssi),1,,
no supplemental security income (ssi),1,,
with public assistance income,1,,
aggregate other types of income in the past 12 months (in 2020 inflation-adjusted dollars),1,,
aggregate retirement income in the past 12 months (in 2020 inflation-adjusted dollars),1,,
aggregate public assistance income in the past 12 months (in 2020 inflation-adjusted dollars),1,,
aggregate supplemental security income (ssi) in the past 12 months (in 2020 inflation-adjusted dollars),1,,
aggregate social security income in the past 12 months (in 2020 inflation-adjusted dollars),1,,
"aggregate interest, dividends, or net rental income in the past 12 months (in 2020 inflation-adjusted dollars)",1,,
aggregate self-employment income in the past 12 months (in 2020 inflation-adjusted dollars),1,,
aggregate wage or salary income in the past 12 months (in 2020 inflation-adjusted dollars),1,,
no other types of income,1,,
with other types of income,1,,
no retirement income,1,,
with retirement income,1,,
no cash public assistance or food stamps|snap,1,,
with cash public assistance or food stamps|snap,1,,
no public assistance income,1,,
ghana,1,,
cabo verde,1,,
other southern africa,1,,
other vacant,1,,
vacant,1,,
for rent,1,,
"rented, not occupied",1,,
for sale only,1,,
"sold, not occupied",1,,
"for seasonal, recreational, or occasional use",1,,
for migrant workers,1,,
vacant - current residence elsewhere,1,,
"householder who is two races excluding some other race, and three or more races",1,,
all other vacant units,1,,
householder who is white alone,1,,
householder who is black or african american alone,1,,
householder who is american indian and alaska native alone,1,,
householder who is asian alone,1,,
householder who is native hawaiian and other pacific islander alone,1,,
householder who is some other race alone,1,,
occupied,1,,
between vietnam era and korean war only,1,,
spaniard,1,,
spanish american,1,,
sweden,1,,
norway,1,,
ireland,1,,
denmark,1,,
born abroad of american parent(s),1,,
"u.s. citizen, born in u.s. or u.s. island areas",1,,
"u.s. citizen, born in puerto rico",1,,
"u.s. citizen, born in puerto rico or u.s. island areas",1,,
"u.s. citizen, born in the united states",1,,
ancestry not reported,1,,
ancestry unclassified,1,,
multiple ancestry,1,,
single ancestry,1,,
unclassified or not reported,1,,
all other hispanic or latino,1,,
householder who is two races including some other race,1,,
other south american,1,,
south africa,1,,
white; black or african american,1,,
mexican,1,,
population of four or more races,1,,
population of three races,1,,
all other two race combinations,1,,
black or african american; american indian and alaska native,1,,
white; asian,1,,
white; american indian and alaska native,1,,
some other race,1,,
venezuelan,1,,
"other pacific islander, not specified",1,,
two or more nhpi,1,,
"other pacific islander, not specified (check box only)",1,,
median year structure built,1,,
lower contract rent quartile,1,,
median contract rent,1,,
upper contract rent quartile,1,,
puerto rican,1,,
cuban,1,,
dominican (dominican republic),1,,
costa rican,1,,
uruguayan,1,,
peruvian,1,,
paraguayan,1,,
ecuadorian,1,,
colombian,1,,
chilean,1,,
bolivian,1,,
median number of rooms,1,,
argentinean,1,,
other central american,1,,
salvadoran,1,,
panamanian,1,,
nicaraguan,1,,
honduran,1,,
guatemalan,1,,
"united kingdom, excluding england and scotland",1,,
england,1,,
scotland,1,,
other south eastern asia,1,,
saudi arabia,1,,
lebanon,1,,
kuwait,1,,
jordan,1,,
israel,1,,
iraq,1,,
armenia,1,,
thailand,1,,
other northern europe,1,,
singapore,1,,
malaysia,1,,
laos,1,,
indonesia,1,,
cambodia,1,,
burma,1,,
other south central asia,1,,
syria,1,,
turkey,1,,
yemen,1,,
other western asia,1,,
other northern africa,1,,
sudan,1,,
morocco,1,,
egypt,1,,
other middle africa,1,,
democratic republic of congo (zaire),1,,
congo,1,,
cameroon,1,,
other eastern africa,1,,
zimbabwe,1,,
uganda,1,,
somalia,1,,
kenya,1,,
ethiopia,1,,
eritrea,1,,
uzbekistan,1,,
sri lanka,1,,
pakistan,1,,
hungary,1,,
croatia,1,,
bulgaria,1,,
bosnia and herzegovina,1,,
belarus,1,,
albania,1,,
azores islands,1,,
italy,1,,
greece,1,,
other western europe,1,,
switzerland,1,,
netherlands,1,,
germany,1,,
france,1,,
belgium,1,,
austria,1,,
czechoslovakia (includes czech republic and slovakia),1,,
latvia,1,,
nepal,1,,
lithuania,1,,
kazakhstan,1,,
iran,1,,
bangladesh,1,,
afghanistan,1,,
japan,1,,
hong kong,1,,
"china, excluding hong kong and taiwan",1,,
other eastern europe,1,,
ukraine,1,,
serbia,1,,
russia,1,,
romania,1,,
poland,1,,
north macedonia (macedonia),1,,
moldova,1,,
"broadband such as cable, fiberoptic, or dsl, satellite, and other service",1,,
